INSERT INTO users (id, name, email, phone, password_hash, role, is_enabled, birthday)
VALUES
    ('00000000-0000-0000-0000-000000000001', 'Aurora Gems Owner', 'maniyadaxit1234@gmail.com', '9327134439', '{noop}Daxit@9327134439', 'OWNER', TRUE, '1990-08-12')
ON CONFLICT (id) DO UPDATE
SET
    name = EXCLUDED.name,
    email = EXCLUDED.email,
    phone = EXCLUDED.phone,
    password_hash = EXCLUDED.password_hash,
    role = EXCLUDED.role,
    is_enabled = EXCLUDED.is_enabled,
    birthday = EXCLUDED.birthday;

INSERT INTO users (id, name, email, phone, password_hash, role, is_enabled, birthday)
VALUES
    ('00000000-0000-0000-0000-000000000002', 'Aarohi Mehta', 'aarohi@example.com', '9898989898', '{noop}Password@123', 'CUSTOMER', TRUE, '1996-03-19')
ON CONFLICT (email) DO NOTHING;

INSERT INTO collections (id, name, handle, description, banner_image_url, is_active, sort_order)
VALUES
    ('20000000-0000-0000-0000-000000000001', 'Rings', 'rings', 'Statement rings crafted in silver, gold, and lab-grown diamonds.', 'https://placehold.co/1600x720/png?text=Rings+Collection', TRUE, 1),
    ('20000000-0000-0000-0000-000000000002', 'Pendants', 'pendants', 'Minimal pendants designed for everyday gifting and layering.', 'https://placehold.co/1600x720/png?text=Pendants+Collection', TRUE, 2),
    ('20000000-0000-0000-0000-000000000003', 'Earrings', 'earrings', 'Studs, hoops, and occasion pairs that carry a polished shine.', 'https://placehold.co/1600x720/png?text=Earrings+Collection', TRUE, 3),
    ('20000000-0000-0000-0000-000000000004', 'Bracelets', 'bracelets', 'Stackable bracelets, kadas, and charms in premium finishes.', 'https://placehold.co/1600x720/png?text=Bracelets+Collection', TRUE, 4),
    ('20000000-0000-0000-0000-000000000005', 'Gift Store', 'gift-store', 'Curated gifting edit for birthdays, anniversaries, and festive moments.', 'https://placehold.co/1600x720/png?text=Gift+Store', TRUE, 5)
ON CONFLICT (handle) DO NOTHING;

INSERT INTO products (id, name, slug, description, metal, base_price, mrp, is_bestseller, is_active, allow_customization, stock_qty, weight_grams, collection_id)
VALUES
    ('40000000-0000-0000-0000-000000000001', 'Silver Deer Heart Pendant', 'silver-deer-heart-pendant', 'A sculpted deer-heart pendant with pavé detailing for an everyday sparkle.', 'SILVER', 289900, 349900, TRUE, TRUE, FALSE, 30, 12.40, '20000000-0000-0000-0000-000000000002'),
    ('40000000-0000-0000-0000-000000000002', 'Rose Halo Pendant', 'rose-halo-pendant', 'Rose gold plated halo pendant designed for office-to-evening styling.', 'GOLD_PLATED', 319900, 389900, FALSE, TRUE, FALSE, 22, 11.20, '20000000-0000-0000-0000-000000000002'),
    ('40000000-0000-0000-0000-000000000003', 'Evil Eye Nazar Pendant', 'evil-eye-nazar-pendant', 'Protective evil eye pendant with rich enamel and cubic zirconia accents.', 'SILVER', 259900, 309900, TRUE, TRUE, FALSE, 28, 10.80, '20000000-0000-0000-0000-000000000002'),
    ('40000000-0000-0000-0000-000000000004', 'Lab Diamond Solstice Pendant', 'lab-diamond-solstice-pendant', 'Minimal solstice pendant highlighted with certified lab-grown diamonds.', 'LAB_DIAMOND', 899900, 999900, TRUE, TRUE, FALSE, 12, 8.70, '20000000-0000-0000-0000-000000000002'),
    ('40000000-0000-0000-0000-000000000005', 'Celeste Spark Ring', 'celeste-spark-ring', 'Delicate silver ring made for stacking with a clean halo silhouette.', 'SILVER', 349900, 419900, TRUE, TRUE, TRUE, 26, 6.80, '20000000-0000-0000-0000-000000000001'),
    ('40000000-0000-0000-0000-000000000006', 'Aurelia Couple Band', 'aurelia-couple-band', 'Pure gold couple band with a soft brushed finish and smooth inner comfort fit.', 'GOLD', 1599900, 1699900, FALSE, TRUE, TRUE, 10, 5.20, '20000000-0000-0000-0000-000000000001'),
    ('40000000-0000-0000-0000-000000000007', 'Rose Bloom Ring', 'rose-bloom-ring', 'A romantic rose gold floral ring finished for light occasion dressing.', 'GOLD_PLATED', 379900, 449900, FALSE, TRUE, FALSE, 18, 7.10, '20000000-0000-0000-0000-000000000001'),
    ('40000000-0000-0000-0000-000000000008', 'Infinity Office Ring', 'infinity-office-ring', 'Slim infinity motif ring tuned for office wear and daily gifting.', 'SILVER', 239900, 289900, TRUE, TRUE, FALSE, 32, 5.90, '20000000-0000-0000-0000-000000000001'),
    ('40000000-0000-0000-0000-000000000009', 'Aurora Drop Earrings', 'aurora-drop-earrings', 'Elegant drop earrings that pair polished metal with light-catching stones.', 'GOLD_PLATED', 429900, 519900, TRUE, TRUE, FALSE, 19, 9.40, '20000000-0000-0000-0000-000000000003'),
    ('40000000-0000-0000-0000-000000000010', 'Moonbeam Stud Earrings', 'moonbeam-stud-earrings', 'Classic moonbeam studs crafted for effortless everyday elegance.', 'SILVER', 219900, 269900, TRUE, TRUE, FALSE, 40, 4.50, '20000000-0000-0000-0000-000000000003'),
    ('40000000-0000-0000-0000-000000000011', 'Lotus Pearl Earrings', 'lotus-pearl-earrings', 'Lotus-inspired pearl earrings with a festive and wedding-ready profile.', 'GOLD_PLATED', 489900, 579900, FALSE, TRUE, FALSE, 16, 10.10, '20000000-0000-0000-0000-000000000003'),
    ('40000000-0000-0000-0000-000000000012', 'Diamond Mist Hoops', 'diamond-mist-hoops', 'Refined hoops enriched with lab-grown diamond sparkle and a soft arc.', 'LAB_DIAMOND', 1249900, 1399900, TRUE, TRUE, FALSE, 9, 7.80, '20000000-0000-0000-0000-000000000003'),
    ('40000000-0000-0000-0000-000000000013', 'Whisper Bracelet', 'whisper-bracelet', 'Fine bracelet with petite motif detailing and an airy adjustable chain.', 'SILVER', 309900, 359900, FALSE, TRUE, FALSE, 24, 8.30, '20000000-0000-0000-0000-000000000004'),
    ('40000000-0000-0000-0000-000000000014', 'Zodiac Charm Bracelet', 'zodiac-charm-bracelet', 'Customizable zodiac bracelet that makes gifting feel personal and premium.', 'SILVER', 399900, 469900, TRUE, TRUE, TRUE, 20, 9.20, '20000000-0000-0000-0000-000000000004'),
    ('40000000-0000-0000-0000-000000000015', 'Evil Eye Bracelet', 'evil-eye-bracelet', 'Signature evil eye bracelet with polished links and a blue enamel center.', 'GOLD_PLATED', 359900, 429900, TRUE, TRUE, FALSE, 25, 8.90, '20000000-0000-0000-0000-000000000004'),
    ('40000000-0000-0000-0000-000000000016', 'Signature Kada', 'signature-kada', 'Pure gold kada with clean lines and an understated heirloom character.', 'GOLD', 1899900, 2049900, FALSE, TRUE, FALSE, 7, 12.60, '20000000-0000-0000-0000-000000000004'),
    ('40000000-0000-0000-0000-000000000017', 'Mangalsutra Grace Chain', 'mangalsutra-grace-chain', 'A contemporary mangalsutra with slim black bead rhythm and gold-plated chain.', 'GOLD_PLATED', 699900, 799900, TRUE, TRUE, FALSE, 14, 13.40, '20000000-0000-0000-0000-000000000005'),
    ('40000000-0000-0000-0000-000000000018', 'Kids Butterfly Set', 'kids-butterfly-set', 'A cheerful butterfly set for kids featuring a pendant and matching studs.', 'SILVER', 279900, 329900, FALSE, TRUE, FALSE, 21, 6.40, '20000000-0000-0000-0000-000000000005'),
    ('40000000-0000-0000-0000-000000000019', 'Personalised Name Necklace', 'personalised-name-necklace', 'A clean bar necklace that supports engraving for initials, names, and dates.', 'SILVER', 449900, 529900, TRUE, TRUE, TRUE, 17, 7.70, '20000000-0000-0000-0000-000000000005'),
    ('40000000-0000-0000-0000-000000000020', 'Oxidised Moon Anklet', 'oxidised-moon-anklet', 'Oxidised anklet with moon charms and textured finish for festive styling.', 'SILVER', 189900, 229900, FALSE, TRUE, FALSE, 27, 9.80, '20000000-0000-0000-0000-000000000005')
ON CONFLICT (slug) DO NOTHING;

INSERT INTO collection_products (collection_id, product_id, sort_order)
VALUES
    ('20000000-0000-0000-0000-000000000001', '40000000-0000-0000-0000-000000000005', 1),
    ('20000000-0000-0000-0000-000000000001', '40000000-0000-0000-0000-000000000006', 2),
    ('20000000-0000-0000-0000-000000000001', '40000000-0000-0000-0000-000000000007', 3),
    ('20000000-0000-0000-0000-000000000001', '40000000-0000-0000-0000-000000000008', 4),
    ('20000000-0000-0000-0000-000000000002', '40000000-0000-0000-0000-000000000001', 1),
    ('20000000-0000-0000-0000-000000000002', '40000000-0000-0000-0000-000000000002', 2),
    ('20000000-0000-0000-0000-000000000002', '40000000-0000-0000-0000-000000000003', 3),
    ('20000000-0000-0000-0000-000000000002', '40000000-0000-0000-0000-000000000004', 4),
    ('20000000-0000-0000-0000-000000000002', '40000000-0000-0000-0000-000000000019', 5),
    ('20000000-0000-0000-0000-000000000003', '40000000-0000-0000-0000-000000000009', 1),
    ('20000000-0000-0000-0000-000000000003', '40000000-0000-0000-0000-000000000010', 2),
    ('20000000-0000-0000-0000-000000000003', '40000000-0000-0000-0000-000000000011', 3),
    ('20000000-0000-0000-0000-000000000003', '40000000-0000-0000-0000-000000000012', 4),
    ('20000000-0000-0000-0000-000000000004', '40000000-0000-0000-0000-000000000013', 1),
    ('20000000-0000-0000-0000-000000000004', '40000000-0000-0000-0000-000000000014', 2),
    ('20000000-0000-0000-0000-000000000004', '40000000-0000-0000-0000-000000000015', 3),
    ('20000000-0000-0000-0000-000000000004', '40000000-0000-0000-0000-000000000016', 4),
    ('20000000-0000-0000-0000-000000000005', '40000000-0000-0000-0000-000000000001', 1),
    ('20000000-0000-0000-0000-000000000005', '40000000-0000-0000-0000-000000000009', 2),
    ('20000000-0000-0000-0000-000000000005', '40000000-0000-0000-0000-000000000014', 3),
    ('20000000-0000-0000-0000-000000000005', '40000000-0000-0000-0000-000000000017', 4),
    ('20000000-0000-0000-0000-000000000005', '40000000-0000-0000-0000-000000000018', 5),
    ('20000000-0000-0000-0000-000000000005', '40000000-0000-0000-0000-000000000019', 6)
ON CONFLICT DO NOTHING;

INSERT INTO product_variants (id, product_id, colour, size, sku, price_override, stock_qty)
VALUES
    ('50000000-0000-0000-0000-000000000001', '40000000-0000-0000-0000-000000000001', 'SILVER', NULL, 'AG-P-001-SLV', NULL, 18),
    ('50000000-0000-0000-0000-000000000002', '40000000-0000-0000-0000-000000000001', 'GOLD', NULL, 'AG-P-001-GLD', 299900, 12),
    ('50000000-0000-0000-0000-000000000003', '40000000-0000-0000-0000-000000000002', 'ROSE_GOLD', NULL, 'AG-P-002-RG', NULL, 15),
    ('50000000-0000-0000-0000-000000000004', '40000000-0000-0000-0000-000000000002', 'GOLD', NULL, 'AG-P-002-GLD', 329900, 7),
    ('50000000-0000-0000-0000-000000000005', '40000000-0000-0000-0000-000000000003', 'SILVER', NULL, 'AG-P-003-SLV', NULL, 16),
    ('50000000-0000-0000-0000-000000000006', '40000000-0000-0000-0000-000000000003', 'GOLD', NULL, 'AG-P-003-GLD', 269900, 12),
    ('50000000-0000-0000-0000-000000000007', '40000000-0000-0000-0000-000000000004', 'SILVER', NULL, 'AG-P-004-SLV', NULL, 6),
    ('50000000-0000-0000-0000-000000000008', '40000000-0000-0000-0000-000000000004', 'GOLD', NULL, 'AG-P-004-GLD', 939900, 6),
    ('50000000-0000-0000-0000-000000000009', '40000000-0000-0000-0000-000000000005', 'SILVER', '12', 'AG-R-005-SLV-12', NULL, 8),
    ('50000000-0000-0000-0000-000000000010', '40000000-0000-0000-0000-000000000005', 'SILVER', '14', 'AG-R-005-SLV-14', NULL, 9),
    ('50000000-0000-0000-0000-000000000011', '40000000-0000-0000-0000-000000000005', 'ROSE_GOLD', '12', 'AG-R-005-RG-12', 359900, 4),
    ('50000000-0000-0000-0000-000000000012', '40000000-0000-0000-0000-000000000005', 'ROSE_GOLD', '14', 'AG-R-005-RG-14', 359900, 5),
    ('50000000-0000-0000-0000-000000000013', '40000000-0000-0000-0000-000000000006', 'GOLD', '12', 'AG-R-006-GLD-12', NULL, 3),
    ('50000000-0000-0000-0000-000000000014', '40000000-0000-0000-0000-000000000006', 'GOLD', '14', 'AG-R-006-GLD-14', NULL, 3),
    ('50000000-0000-0000-0000-000000000015', '40000000-0000-0000-0000-000000000006', 'ROSE_GOLD', '12', 'AG-R-006-RG-12', 1619900, 2),
    ('50000000-0000-0000-0000-000000000016', '40000000-0000-0000-0000-000000000006', 'ROSE_GOLD', '14', 'AG-R-006-RG-14', 1619900, 2),
    ('50000000-0000-0000-0000-000000000017', '40000000-0000-0000-0000-000000000007', 'ROSE_GOLD', '12', 'AG-R-007-RG-12', NULL, 5),
    ('50000000-0000-0000-0000-000000000018', '40000000-0000-0000-0000-000000000007', 'ROSE_GOLD', '14', 'AG-R-007-RG-14', NULL, 5),
    ('50000000-0000-0000-0000-000000000019', '40000000-0000-0000-0000-000000000007', 'GOLD', '12', 'AG-R-007-GLD-12', 389900, 4),
    ('50000000-0000-0000-0000-000000000020', '40000000-0000-0000-0000-000000000007', 'GOLD', '14', 'AG-R-007-GLD-14', 389900, 4),
    ('50000000-0000-0000-0000-000000000021', '40000000-0000-0000-0000-000000000008', 'SILVER', '10', 'AG-R-008-SLV-10', NULL, 9),
    ('50000000-0000-0000-0000-000000000022', '40000000-0000-0000-0000-000000000008', 'SILVER', '12', 'AG-R-008-SLV-12', NULL, 10),
    ('50000000-0000-0000-0000-000000000023', '40000000-0000-0000-0000-000000000008', 'GOLD', '10', 'AG-R-008-GLD-10', 249900, 6),
    ('50000000-0000-0000-0000-000000000024', '40000000-0000-0000-0000-000000000008', 'GOLD', '12', 'AG-R-008-GLD-12', 249900, 7),
    ('50000000-0000-0000-0000-000000000025', '40000000-0000-0000-0000-000000000009', 'ROSE_GOLD', NULL, 'AG-E-009-RG', NULL, 11),
    ('50000000-0000-0000-0000-000000000026', '40000000-0000-0000-0000-000000000009', 'GOLD', NULL, 'AG-E-009-GLD', 439900, 8),
    ('50000000-0000-0000-0000-000000000027', '40000000-0000-0000-0000-000000000010', 'SILVER', NULL, 'AG-E-010-SLV', NULL, 20),
    ('50000000-0000-0000-0000-000000000028', '40000000-0000-0000-0000-000000000010', 'GOLD', NULL, 'AG-E-010-GLD', 229900, 14),
    ('50000000-0000-0000-0000-000000000029', '40000000-0000-0000-0000-000000000011', 'GOLD', NULL, 'AG-E-011-GLD', NULL, 9),
    ('50000000-0000-0000-0000-000000000030', '40000000-0000-0000-0000-000000000011', 'ROSE_GOLD', NULL, 'AG-E-011-RG', 499900, 7),
    ('50000000-0000-0000-0000-000000000031', '40000000-0000-0000-0000-000000000012', 'SILVER', NULL, 'AG-E-012-SLV', NULL, 4),
    ('50000000-0000-0000-0000-000000000032', '40000000-0000-0000-0000-000000000012', 'GOLD', NULL, 'AG-E-012-GLD', 1269900, 5),
    ('50000000-0000-0000-0000-000000000033', '40000000-0000-0000-0000-000000000013', 'SILVER', NULL, 'AG-B-013-SLV', NULL, 12),
    ('50000000-0000-0000-0000-000000000034', '40000000-0000-0000-0000-000000000013', 'ROSE_GOLD', NULL, 'AG-B-013-RG', 319900, 10),
    ('50000000-0000-0000-0000-000000000035', '40000000-0000-0000-0000-000000000014', 'SILVER', NULL, 'AG-B-014-SLV', NULL, 10),
    ('50000000-0000-0000-0000-000000000036', '40000000-0000-0000-0000-000000000014', 'GOLD', NULL, 'AG-B-014-GLD', 409900, 10),
    ('50000000-0000-0000-0000-000000000037', '40000000-0000-0000-0000-000000000015', 'GOLD', NULL, 'AG-B-015-GLD', NULL, 13),
    ('50000000-0000-0000-0000-000000000038', '40000000-0000-0000-0000-000000000015', 'ROSE_GOLD', NULL, 'AG-B-015-RG', 369900, 12),
    ('50000000-0000-0000-0000-000000000039', '40000000-0000-0000-0000-000000000016', 'GOLD', NULL, 'AG-B-016-GLD', NULL, 3),
    ('50000000-0000-0000-0000-000000000040', '40000000-0000-0000-0000-000000000016', 'ROSE_GOLD', NULL, 'AG-B-016-RG', 1919900, 4),
    ('50000000-0000-0000-0000-000000000041', '40000000-0000-0000-0000-000000000017', 'GOLD', NULL, 'AG-G-017-GLD', NULL, 8),
    ('50000000-0000-0000-0000-000000000042', '40000000-0000-0000-0000-000000000017', 'ROSE_GOLD', NULL, 'AG-G-017-RG', 719900, 6),
    ('50000000-0000-0000-0000-000000000043', '40000000-0000-0000-0000-000000000018', 'SILVER', NULL, 'AG-G-018-SLV', NULL, 11),
    ('50000000-0000-0000-0000-000000000044', '40000000-0000-0000-0000-000000000018', 'GOLD', NULL, 'AG-G-018-GLD', 289900, 10),
    ('50000000-0000-0000-0000-000000000045', '40000000-0000-0000-0000-000000000019', 'SILVER', NULL, 'AG-G-019-SLV', NULL, 8),
    ('50000000-0000-0000-0000-000000000046', '40000000-0000-0000-0000-000000000019', 'GOLD', NULL, 'AG-G-019-GLD', 469900, 9),
    ('50000000-0000-0000-0000-000000000047', '40000000-0000-0000-0000-000000000020', 'OXIDISED', NULL, 'AG-G-020-OXD', NULL, 13),
    ('50000000-0000-0000-0000-000000000048', '40000000-0000-0000-0000-000000000020', 'SILVER', NULL, 'AG-G-020-SLV', 199900, 14)
ON CONFLICT (sku) DO NOTHING;

INSERT INTO product_images (id, product_id, colour, url, alt_text, sort_order, is_primary)
VALUES
    ('60000000-0000-0000-0000-000000000001', '40000000-0000-0000-0000-000000000001', 'SILVER', 'https://placehold.co/1200x1400/png?text=Silver+Deer+Heart+Pendant', 'Silver Deer Heart Pendant front', 1, TRUE),
    ('60000000-0000-0000-0000-000000000002', '40000000-0000-0000-0000-000000000001', 'GOLD', 'https://placehold.co/1200x1400/png?text=Silver+Deer+Heart+Pendant+Gold', 'Silver Deer Heart Pendant alternate', 2, FALSE),
    ('60000000-0000-0000-0000-000000000003', '40000000-0000-0000-0000-000000000002', 'ROSE_GOLD', 'https://placehold.co/1200x1400/png?text=Rose+Halo+Pendant', 'Rose Halo Pendant front', 1, TRUE),
    ('60000000-0000-0000-0000-000000000004', '40000000-0000-0000-0000-000000000002', 'GOLD', 'https://placehold.co/1200x1400/png?text=Rose+Halo+Pendant+Alternate', 'Rose Halo Pendant alternate', 2, FALSE),
    ('60000000-0000-0000-0000-000000000005', '40000000-0000-0000-0000-000000000003', 'SILVER', 'https://placehold.co/1200x1400/png?text=Evil+Eye+Pendant', 'Evil Eye Pendant front', 1, TRUE),
    ('60000000-0000-0000-0000-000000000006', '40000000-0000-0000-0000-000000000003', 'GOLD', 'https://placehold.co/1200x1400/png?text=Evil+Eye+Pendant+Gold', 'Evil Eye Pendant alternate', 2, FALSE),
    ('60000000-0000-0000-0000-000000000007', '40000000-0000-0000-0000-000000000004', 'SILVER', 'https://placehold.co/1200x1400/png?text=Solstice+Pendant', 'Lab Diamond Solstice Pendant front', 1, TRUE),
    ('60000000-0000-0000-0000-000000000008', '40000000-0000-0000-0000-000000000004', 'GOLD', 'https://placehold.co/1200x1400/png?text=Solstice+Pendant+Alternate', 'Lab Diamond Solstice Pendant alternate', 2, FALSE),
    ('60000000-0000-0000-0000-000000000009', '40000000-0000-0000-0000-000000000005', 'SILVER', 'https://placehold.co/1200x1400/png?text=Celeste+Spark+Ring', 'Celeste Spark Ring front', 1, TRUE),
    ('60000000-0000-0000-0000-000000000010', '40000000-0000-0000-0000-000000000005', 'ROSE_GOLD', 'https://placehold.co/1200x1400/png?text=Celeste+Spark+Ring+Rose', 'Celeste Spark Ring alternate', 2, FALSE),
    ('60000000-0000-0000-0000-000000000011', '40000000-0000-0000-0000-000000000006', 'GOLD', 'https://placehold.co/1200x1400/png?text=Aurelia+Couple+Band', 'Aurelia Couple Band front', 1, TRUE),
    ('60000000-0000-0000-0000-000000000012', '40000000-0000-0000-0000-000000000006', 'ROSE_GOLD', 'https://placehold.co/1200x1400/png?text=Aurelia+Couple+Band+Rose', 'Aurelia Couple Band alternate', 2, FALSE),
    ('60000000-0000-0000-0000-000000000013', '40000000-0000-0000-0000-000000000007', 'ROSE_GOLD', 'https://placehold.co/1200x1400/png?text=Rose+Bloom+Ring', 'Rose Bloom Ring front', 1, TRUE),
    ('60000000-0000-0000-0000-000000000014', '40000000-0000-0000-0000-000000000007', 'GOLD', 'https://placehold.co/1200x1400/png?text=Rose+Bloom+Ring+Alternate', 'Rose Bloom Ring alternate', 2, FALSE),
    ('60000000-0000-0000-0000-000000000015', '40000000-0000-0000-0000-000000000008', 'SILVER', 'https://placehold.co/1200x1400/png?text=Infinity+Office+Ring', 'Infinity Office Ring front', 1, TRUE),
    ('60000000-0000-0000-0000-000000000016', '40000000-0000-0000-0000-000000000008', 'GOLD', 'https://placehold.co/1200x1400/png?text=Infinity+Office+Ring+Alternate', 'Infinity Office Ring alternate', 2, FALSE),
    ('60000000-0000-0000-0000-000000000017', '40000000-0000-0000-0000-000000000009', 'ROSE_GOLD', 'https://placehold.co/1200x1400/png?text=Aurora+Drop+Earrings', 'Aurora Drop Earrings front', 1, TRUE),
    ('60000000-0000-0000-0000-000000000018', '40000000-0000-0000-0000-000000000009', 'GOLD', 'https://placehold.co/1200x1400/png?text=Aurora+Drop+Earrings+Alternate', 'Aurora Drop Earrings alternate', 2, FALSE),
    ('60000000-0000-0000-0000-000000000019', '40000000-0000-0000-0000-000000000010', 'SILVER', 'https://placehold.co/1200x1400/png?text=Moonbeam+Stud+Earrings', 'Moonbeam Stud Earrings front', 1, TRUE),
    ('60000000-0000-0000-0000-000000000020', '40000000-0000-0000-0000-000000000010', 'GOLD', 'https://placehold.co/1200x1400/png?text=Moonbeam+Stud+Earrings+Alternate', 'Moonbeam Stud Earrings alternate', 2, FALSE),
    ('60000000-0000-0000-0000-000000000021', '40000000-0000-0000-0000-000000000011', 'GOLD', 'https://placehold.co/1200x1400/png?text=Lotus+Pearl+Earrings', 'Lotus Pearl Earrings front', 1, TRUE),
    ('60000000-0000-0000-0000-000000000022', '40000000-0000-0000-0000-000000000011', 'ROSE_GOLD', 'https://placehold.co/1200x1400/png?text=Lotus+Pearl+Earrings+Alternate', 'Lotus Pearl Earrings alternate', 2, FALSE),
    ('60000000-0000-0000-0000-000000000023', '40000000-0000-0000-0000-000000000012', 'SILVER', 'https://placehold.co/1200x1400/png?text=Diamond+Mist+Hoops', 'Diamond Mist Hoops front', 1, TRUE),
    ('60000000-0000-0000-0000-000000000024', '40000000-0000-0000-0000-000000000012', 'GOLD', 'https://placehold.co/1200x1400/png?text=Diamond+Mist+Hoops+Alternate', 'Diamond Mist Hoops alternate', 2, FALSE),
    ('60000000-0000-0000-0000-000000000025', '40000000-0000-0000-0000-000000000013', 'SILVER', 'https://placehold.co/1200x1400/png?text=Whisper+Bracelet', 'Whisper Bracelet front', 1, TRUE),
    ('60000000-0000-0000-0000-000000000026', '40000000-0000-0000-0000-000000000013', 'ROSE_GOLD', 'https://placehold.co/1200x1400/png?text=Whisper+Bracelet+Alternate', 'Whisper Bracelet alternate', 2, FALSE),
    ('60000000-0000-0000-0000-000000000027', '40000000-0000-0000-0000-000000000014', 'SILVER', 'https://placehold.co/1200x1400/png?text=Zodiac+Charm+Bracelet', 'Zodiac Charm Bracelet front', 1, TRUE),
    ('60000000-0000-0000-0000-000000000028', '40000000-0000-0000-0000-000000000014', 'GOLD', 'https://placehold.co/1200x1400/png?text=Zodiac+Charm+Bracelet+Alternate', 'Zodiac Charm Bracelet alternate', 2, FALSE),
    ('60000000-0000-0000-0000-000000000029', '40000000-0000-0000-0000-000000000015', 'GOLD', 'https://placehold.co/1200x1400/png?text=Evil+Eye+Bracelet', 'Evil Eye Bracelet front', 1, TRUE),
    ('60000000-0000-0000-0000-000000000030', '40000000-0000-0000-0000-000000000015', 'ROSE_GOLD', 'https://placehold.co/1200x1400/png?text=Evil+Eye+Bracelet+Alternate', 'Evil Eye Bracelet alternate', 2, FALSE),
    ('60000000-0000-0000-0000-000000000031', '40000000-0000-0000-0000-000000000016', 'GOLD', 'https://placehold.co/1200x1400/png?text=Signature+Kada', 'Signature Kada front', 1, TRUE),
    ('60000000-0000-0000-0000-000000000032', '40000000-0000-0000-0000-000000000016', 'ROSE_GOLD', 'https://placehold.co/1200x1400/png?text=Signature+Kada+Alternate', 'Signature Kada alternate', 2, FALSE),
    ('60000000-0000-0000-0000-000000000033', '40000000-0000-0000-0000-000000000017', 'GOLD', 'https://placehold.co/1200x1400/png?text=Mangalsutra+Grace+Chain', 'Mangalsutra Grace Chain front', 1, TRUE),
    ('60000000-0000-0000-0000-000000000034', '40000000-0000-0000-0000-000000000017', 'ROSE_GOLD', 'https://placehold.co/1200x1400/png?text=Mangalsutra+Grace+Chain+Alternate', 'Mangalsutra Grace Chain alternate', 2, FALSE),
    ('60000000-0000-0000-0000-000000000035', '40000000-0000-0000-0000-000000000018', 'SILVER', 'https://placehold.co/1200x1400/png?text=Kids+Butterfly+Set', 'Kids Butterfly Set front', 1, TRUE),
    ('60000000-0000-0000-0000-000000000036', '40000000-0000-0000-0000-000000000018', 'GOLD', 'https://placehold.co/1200x1400/png?text=Kids+Butterfly+Set+Alternate', 'Kids Butterfly Set alternate', 2, FALSE),
    ('60000000-0000-0000-0000-000000000037', '40000000-0000-0000-0000-000000000019', 'SILVER', 'https://placehold.co/1200x1400/png?text=Personalised+Name+Necklace', 'Personalised Name Necklace front', 1, TRUE),
    ('60000000-0000-0000-0000-000000000038', '40000000-0000-0000-0000-000000000019', 'GOLD', 'https://placehold.co/1200x1400/png?text=Personalised+Name+Necklace+Alternate', 'Personalised Name Necklace alternate', 2, FALSE),
    ('60000000-0000-0000-0000-000000000039', '40000000-0000-0000-0000-000000000020', 'OXIDISED', 'https://placehold.co/1200x1400/png?text=Oxidised+Moon+Anklet', 'Oxidised Moon Anklet front', 1, TRUE),
    ('60000000-0000-0000-0000-000000000040', '40000000-0000-0000-0000-000000000020', 'SILVER', 'https://placehold.co/1200x1400/png?text=Oxidised+Moon+Anklet+Alternate', 'Oxidised Moon Anklet alternate', 2, FALSE)
ON CONFLICT DO NOTHING;

INSERT INTO product_attributes (id, product_id, key, value)
VALUES
    ('70000000-0000-0000-0000-000000000001', '40000000-0000-0000-0000-000000000001', 'style', 'Everyday'),
    ('70000000-0000-0000-0000-000000000002', '40000000-0000-0000-0000-000000000001', 'recipient', 'For Her'),
    ('70000000-0000-0000-0000-000000000003', '40000000-0000-0000-0000-000000000001', 'theme', 'Romantic'),
    ('70000000-0000-0000-0000-000000000004', '40000000-0000-0000-0000-000000000002', 'style', 'Office'),
    ('70000000-0000-0000-0000-000000000005', '40000000-0000-0000-0000-000000000002', 'recipient', 'For Her'),
    ('70000000-0000-0000-0000-000000000006', '40000000-0000-0000-0000-000000000002', 'occasion', 'Anniversary'),
    ('70000000-0000-0000-0000-000000000007', '40000000-0000-0000-0000-000000000003', 'theme', 'Evil Eye'),
    ('70000000-0000-0000-0000-000000000008', '40000000-0000-0000-0000-000000000003', 'style', 'Everyday'),
    ('70000000-0000-0000-0000-000000000009', '40000000-0000-0000-0000-000000000003', 'recipient', 'For Her'),
    ('70000000-0000-0000-0000-000000000010', '40000000-0000-0000-0000-000000000004', 'theme', 'Nature'),
    ('70000000-0000-0000-0000-000000000011', '40000000-0000-0000-0000-000000000004', 'style', 'Party'),
    ('70000000-0000-0000-0000-000000000012', '40000000-0000-0000-0000-000000000004', 'recipient', 'For Couple'),
    ('70000000-0000-0000-0000-000000000013', '40000000-0000-0000-0000-000000000005', 'style', 'Everyday'),
    ('70000000-0000-0000-0000-000000000014', '40000000-0000-0000-0000-000000000005', 'recipient', 'For Her'),
    ('70000000-0000-0000-0000-000000000015', '40000000-0000-0000-0000-000000000005', 'occasion', 'Birthday'),
    ('70000000-0000-0000-0000-000000000016', '40000000-0000-0000-0000-000000000006', 'style', 'Wedding'),
    ('70000000-0000-0000-0000-000000000017', '40000000-0000-0000-0000-000000000006', 'recipient', 'For Couple'),
    ('70000000-0000-0000-0000-000000000018', '40000000-0000-0000-0000-000000000006', 'occasion', 'Wedding'),
    ('70000000-0000-0000-0000-000000000019', '40000000-0000-0000-0000-000000000007', 'style', 'Party'),
    ('70000000-0000-0000-0000-000000000020', '40000000-0000-0000-0000-000000000007', 'theme', 'Romantic'),
    ('70000000-0000-0000-0000-000000000021', '40000000-0000-0000-0000-000000000007', 'recipient', 'For Her'),
    ('70000000-0000-0000-0000-000000000022', '40000000-0000-0000-0000-000000000008', 'style', 'Office'),
    ('70000000-0000-0000-0000-000000000023', '40000000-0000-0000-0000-000000000008', 'recipient', 'For Him'),
    ('70000000-0000-0000-0000-000000000024', '40000000-0000-0000-0000-000000000008', 'occasion', 'Just Because'),
    ('70000000-0000-0000-0000-000000000025', '40000000-0000-0000-0000-000000000009', 'style', 'Party'),
    ('70000000-0000-0000-0000-000000000026', '40000000-0000-0000-0000-000000000009', 'recipient', 'For Her'),
    ('70000000-0000-0000-0000-000000000027', '40000000-0000-0000-0000-000000000009', 'occasion', 'Anniversary'),
    ('70000000-0000-0000-0000-000000000028', '40000000-0000-0000-0000-000000000010', 'style', 'Everyday'),
    ('70000000-0000-0000-0000-000000000029', '40000000-0000-0000-0000-000000000010', 'recipient', 'For Sister'),
    ('70000000-0000-0000-0000-000000000030', '40000000-0000-0000-0000-000000000010', 'occasion', 'Birthday'),
    ('70000000-0000-0000-0000-000000000031', '40000000-0000-0000-0000-000000000011', 'style', 'Wedding'),
    ('70000000-0000-0000-0000-000000000032', '40000000-0000-0000-0000-000000000011', 'recipient', 'For Mother'),
    ('70000000-0000-0000-0000-000000000033', '40000000-0000-0000-0000-000000000011', 'theme', 'Nature'),
    ('70000000-0000-0000-0000-000000000034', '40000000-0000-0000-0000-000000000012', 'style', 'Party'),
    ('70000000-0000-0000-0000-000000000035', '40000000-0000-0000-0000-000000000012', 'recipient', 'For Her'),
    ('70000000-0000-0000-0000-000000000036', '40000000-0000-0000-0000-000000000012', 'occasion', 'Anniversary'),
    ('70000000-0000-0000-0000-000000000037', '40000000-0000-0000-0000-000000000013', 'style', 'Office'),
    ('70000000-0000-0000-0000-000000000038', '40000000-0000-0000-0000-000000000013', 'recipient', 'For Friend'),
    ('70000000-0000-0000-0000-000000000039', '40000000-0000-0000-0000-000000000013', 'occasion', 'Just Because'),
    ('70000000-0000-0000-0000-000000000040', '40000000-0000-0000-0000-000000000014', 'theme', 'Zodiac'),
    ('70000000-0000-0000-0000-000000000041', '40000000-0000-0000-0000-000000000014', 'recipient', 'For Couple'),
    ('70000000-0000-0000-0000-000000000042', '40000000-0000-0000-0000-000000000014', 'occasion', 'Birthday'),
    ('70000000-0000-0000-0000-000000000043', '40000000-0000-0000-0000-000000000015', 'theme', 'Evil Eye'),
    ('70000000-0000-0000-0000-000000000044', '40000000-0000-0000-0000-000000000015', 'recipient', 'For Sister'),
    ('70000000-0000-0000-0000-000000000045', '40000000-0000-0000-0000-000000000015', 'style', 'Everyday'),
    ('70000000-0000-0000-0000-000000000046', '40000000-0000-0000-0000-000000000016', 'style', 'Wedding'),
    ('70000000-0000-0000-0000-000000000047', '40000000-0000-0000-0000-000000000016', 'recipient', 'For Him'),
    ('70000000-0000-0000-0000-000000000048', '40000000-0000-0000-0000-000000000016', 'occasion', 'Wedding'),
    ('70000000-0000-0000-0000-000000000049', '40000000-0000-0000-0000-000000000017', 'style', 'Wedding'),
    ('70000000-0000-0000-0000-000000000050', '40000000-0000-0000-0000-000000000017', 'recipient', 'For Wife'),
    ('70000000-0000-0000-0000-000000000051', '40000000-0000-0000-0000-000000000017', 'occasion', 'Wedding'),
    ('70000000-0000-0000-0000-000000000052', '40000000-0000-0000-0000-000000000018', 'theme', 'Butterfly'),
    ('70000000-0000-0000-0000-000000000053', '40000000-0000-0000-0000-000000000018', 'recipient', 'For Kids'),
    ('70000000-0000-0000-0000-000000000054', '40000000-0000-0000-0000-000000000018', 'occasion', 'Birthday'),
    ('70000000-0000-0000-0000-000000000055', '40000000-0000-0000-0000-000000000019', 'style', 'Everyday'),
    ('70000000-0000-0000-0000-000000000056', '40000000-0000-0000-0000-000000000019', 'recipient', 'For Her'),
    ('70000000-0000-0000-0000-000000000057', '40000000-0000-0000-0000-000000000019', 'occasion', 'Anniversary'),
    ('70000000-0000-0000-0000-000000000058', '40000000-0000-0000-0000-000000000020', 'style', 'Party'),
    ('70000000-0000-0000-0000-000000000059', '40000000-0000-0000-0000-000000000020', 'recipient', 'For Friend'),
    ('70000000-0000-0000-0000-000000000060', '40000000-0000-0000-0000-000000000020', 'theme', 'Spiritual')
ON CONFLICT DO NOTHING;

INSERT INTO addresses (id, user_id, name, phone, line1, line2, city, state, pincode, is_default)
VALUES
    ('30000000-0000-0000-0000-000000000001', '00000000-0000-0000-0000-000000000002', 'Aarohi Mehta', '9898989898', '402, Palm Residency', 'Bandra West', 'Mumbai', 'Maharashtra', '400050', TRUE),
    ('30000000-0000-0000-0000-000000000002', '00000000-0000-0000-0000-000000000002', 'Aarohi Mehta', '9898989898', '18 Lake View Street', 'Near Sector 56 Metro', 'Gurugram', 'Haryana', '122003', FALSE)
ON CONFLICT DO NOTHING;

INSERT INTO cart (id, user_id)
VALUES
    ('80000000-0000-0000-0000-000000000001', '00000000-0000-0000-0000-000000000002')
ON CONFLICT (user_id) DO NOTHING;

INSERT INTO cart_items (id, cart_id, product_id, variant_id, quantity, customization_text)
VALUES
    ('81000000-0000-0000-0000-000000000001', '80000000-0000-0000-0000-000000000001', '40000000-0000-0000-0000-000000000019', '50000000-0000-0000-0000-000000000045', 1, 'Aarohi'),
    ('81000000-0000-0000-0000-000000000002', '80000000-0000-0000-0000-000000000001', '40000000-0000-0000-0000-000000000010', '50000000-0000-0000-0000-000000000027', 2, NULL)
ON CONFLICT DO NOTHING;

INSERT INTO wishlists (user_id, product_id)
VALUES
    ('00000000-0000-0000-0000-000000000002', '40000000-0000-0000-0000-000000000004'),
    ('00000000-0000-0000-0000-000000000002', '40000000-0000-0000-0000-000000000015')
ON CONFLICT DO NOTHING;

INSERT INTO coupons (id, code, discount_type, discount_value, min_order_value, max_uses, used_count, valid_from, valid_until, is_active)
VALUES
    ('93000000-0000-0000-0000-000000000001', 'WELCOME500', 'FLAT', 50000, 299900, 500, 12, CURRENT_TIMESTAMP - INTERVAL '10 days', CURRENT_TIMESTAMP + INTERVAL '90 days', TRUE),
    ('93000000-0000-0000-0000-000000000002', 'AURIELLE10', 'PERCENT', 10, 199900, 1000, 42, CURRENT_TIMESTAMP - INTERVAL '15 days', CURRENT_TIMESTAMP + INTERVAL '120 days', TRUE),
    ('93000000-0000-0000-0000-000000000003', 'FESTIVE15', 'PERCENT', 15, 499900, 300, 4, CURRENT_TIMESTAMP - INTERVAL '3 days', CURRENT_TIMESTAMP + INTERVAL '30 days', TRUE)
ON CONFLICT (code) DO NOTHING;

INSERT INTO orders (id, user_id, address_id, status, subtotal, discount, shipping_fee, total, coupon_code, payment_method, payment_id, razorpay_order_id, created_at, updated_at)
VALUES
    ('90000000-0000-0000-0000-000000000001', '00000000-0000-0000-0000-000000000002', '30000000-0000-0000-0000-000000000001', 'DELIVERED', 649800, 50000, 0, 599800, 'WELCOME500', 'RAZORPAY', 'pay_demo_001', 'order_demo_001', CURRENT_TIMESTAMP - INTERVAL '20 days', CURRENT_TIMESTAMP - INTERVAL '15 days'),
    ('90000000-0000-0000-0000-000000000002', '00000000-0000-0000-0000-000000000002', '30000000-0000-0000-0000-000000000002', 'SHIPPED', 359900, 0, 0, 359900, NULL, 'COD', NULL, NULL, CURRENT_TIMESTAMP - INTERVAL '4 days', CURRENT_TIMESTAMP - INTERVAL '2 days')
ON CONFLICT DO NOTHING;

INSERT INTO order_items (id, order_id, product_id, variant_id, product_name, quantity, unit_price, customization_text)
VALUES
    ('91000000-0000-0000-0000-000000000001', '90000000-0000-0000-0000-000000000001', '40000000-0000-0000-0000-000000000001', '50000000-0000-0000-0000-000000000001', 'Silver Deer Heart Pendant', 1, 289900, NULL),
    ('91000000-0000-0000-0000-000000000002', '90000000-0000-0000-0000-000000000001', '40000000-0000-0000-0000-000000000010', '50000000-0000-0000-0000-000000000027', 'Moonbeam Stud Earrings', 1, 219900, NULL),
    ('91000000-0000-0000-0000-000000000003', '90000000-0000-0000-0000-000000000002', '40000000-0000-0000-0000-000000000015', '50000000-0000-0000-0000-000000000037', 'Evil Eye Bracelet', 1, 359900, NULL)
ON CONFLICT DO NOTHING;

INSERT INTO reviews (id, product_id, user_id, rating, title, body, image_url, is_approved, created_at)
VALUES
    ('92000000-0000-0000-0000-000000000001', '40000000-0000-0000-0000-000000000001', '00000000-0000-0000-0000-000000000002', 5, 'Perfect everyday pendant', 'The finish is premium and the pendant feels more expensive than it is. Delivery was quick too.', NULL, TRUE, CURRENT_TIMESTAMP - INTERVAL '14 days'),
    ('92000000-0000-0000-0000-000000000002', '40000000-0000-0000-0000-000000000001', '00000000-0000-0000-0000-000000000001', 4, 'Elegant gift pick', 'Picked this for gifting and the packaging made the whole experience feel polished.', NULL, TRUE, CURRENT_TIMESTAMP - INTERVAL '13 days'),
    ('92000000-0000-0000-0000-000000000003', '40000000-0000-0000-0000-000000000003', '00000000-0000-0000-0000-000000000002', 5, 'Looks exactly like the photos', 'Good sparkle, not too loud, and the chain length sits really well.', NULL, TRUE, CURRENT_TIMESTAMP - INTERVAL '12 days'),
    ('92000000-0000-0000-0000-000000000004', '40000000-0000-0000-0000-000000000004', '00000000-0000-0000-0000-000000000002', 4, 'Diamond shine is subtle', 'I wanted something minimal for workwear and this hit the mark without feeling plain.', NULL, TRUE, CURRENT_TIMESTAMP - INTERVAL '11 days'),
    ('92000000-0000-0000-0000-000000000005', '40000000-0000-0000-0000-000000000005', '00000000-0000-0000-0000-000000000001', 5, 'Great fit and finish', 'The ring sizing was accurate and the rose finish looks excellent in person.', NULL, TRUE, CURRENT_TIMESTAMP - INTERVAL '10 days'),
    ('92000000-0000-0000-0000-000000000006', '40000000-0000-0000-0000-000000000009', '00000000-0000-0000-0000-000000000002', 5, 'Very flattering pair', 'Lightweight for the size and easy to wear through long events.', NULL, TRUE, CURRENT_TIMESTAMP - INTERVAL '9 days'),
    ('92000000-0000-0000-0000-000000000007', '40000000-0000-0000-0000-000000000010', '00000000-0000-0000-0000-000000000002', 4, 'Good daily studs', 'These are now my daily studs. The closure feels secure and comfortable.', NULL, TRUE, CURRENT_TIMESTAMP - INTERVAL '8 days'),
    ('92000000-0000-0000-0000-000000000008', '40000000-0000-0000-0000-000000000014', '00000000-0000-0000-0000-000000000001', 5, 'Nice personalization option', 'The bracelet engraving was clean and it made a thoughtful birthday gift.', NULL, TRUE, CURRENT_TIMESTAMP - INTERVAL '7 days'),
    ('92000000-0000-0000-0000-000000000009', '40000000-0000-0000-0000-000000000017', '00000000-0000-0000-0000-000000000001', 4, 'Modern mangalsutra design', 'The profile feels contemporary enough for everyday wear, which is what I wanted.', NULL, TRUE, CURRENT_TIMESTAMP - INTERVAL '6 days'),
    ('92000000-0000-0000-0000-000000000010', '40000000-0000-0000-0000-000000000019', '00000000-0000-0000-0000-000000000002', 5, 'Customization came out clean', 'Name engraving was centered well and the necklace has a premium shine.', NULL, TRUE, CURRENT_TIMESTAMP - INTERVAL '5 days')
ON CONFLICT DO NOTHING;

INSERT INTO blogs (id, title, slug, content, author, cover_image_url, published_at, is_published)
VALUES
    ('94000000-0000-0000-0000-000000000001', 'How To Style Silver Jewelry For Everyday Looks', 'style-silver-jewelry-everyday', '<p>Silver jewelry works best when layered intentionally. Start with one hero pendant and then build smaller details around it.</p><p>Keep proportions balanced for office wear, and switch to textured earrings or a bracelet stack for evenings.</p>', 'Aurora Gems Editorial', 'https://placehold.co/1600x900/png?text=Silver+Jewelry+Guide', CURRENT_TIMESTAMP - INTERVAL '30 days', TRUE),
    ('94000000-0000-0000-0000-000000000002', '5 Anniversary Jewelry Gifts That Feel Personal', 'anniversary-jewelry-gifts', '<p>Personalized pieces, zodiac motifs, and lab-grown diamond essentials are strong anniversary picks because they combine sentiment with repeat wearability.</p><p>Match the metal tone to the receiver''s current wardrobe and keep engraving brief and intentional.</p>', 'Aurora Gems Editorial', 'https://placehold.co/1600x900/png?text=Anniversary+Gift+Guide', CURRENT_TIMESTAMP - INTERVAL '18 days', TRUE),
    ('94000000-0000-0000-0000-000000000003', 'Understanding Lab-Grown Diamond Jewelry', 'understanding-lab-grown-diamond-jewelry', '<p>Lab-grown diamonds share the same physical composition as mined diamonds while offering a more accessible entry point for premium jewelry buyers.</p><p>For daily wear, prioritize secure settings and understated silhouettes that stay versatile across occasions.</p>', 'Aurora Gems Editorial', 'https://placehold.co/1600x900/png?text=Lab+Diamond+Guide', CURRENT_TIMESTAMP - INTERVAL '9 days', TRUE)
ON CONFLICT (slug) DO NOTHING;
